id,name_x,name_y
108424,Patrick_Rothfuss,
656983,J_R_R_Tolkien,John_R_R_Tolkien
346732,George_R_R_Martin,
1077326,J_K_Rowling,Joanne_K_Rowling
38550,Brandon_Sanderson,
1069006,C_S_Lewis,Clive_S_Lewis
6252,Robert_Jordan,
3618,Philip_Pullman,
1654,Terry_Pratchett,
1221698,Neil_Gaiman,
15872,Rick_Riordan,
8349,Christopher_Paolini,
12521,William_Goldman,
106,Madeleine_L_Engle,
3706,George_Orwell,
7717,Richard_Adams,
150038,Cassandra_Clare,
6988,Bram_Stoker,
3433047,Sarah_J_Maas,
25307,Robin_Hobb,
7577,Anne_Rice,
34933,Jane_Carruth,
3617,Diana_Gabaldon,
1020792,Antoine_de_Saint_Exup_ry,
4273,Roald_Dahl,
3389,Stephen_King,
1373880,Kristin_Cashore,
4370565,Erin_Morgenstern,
10896,Eoin_Colfer,
10746,Jim_Butcher,
947,William_Shakespeare,
4489,Maurice_Sendak,
874602,Ursula_K_Le_Guin,
3242,L_Frank_Baum,Lyman_Frank_Baum
8164,Lewis_Carroll,
941441,Stephenie_Meyer,
324620,Laini_Taylor,
4841825,Marion_Zimmer_Bradley,
5791,Max_Brooks,
13677,Gail_Carson_Levine,
8842,Susanna_Clarke,
498072,Audrey_Niffenegger,
3849415,Deborah_Harkness,
3441,Terry_Goodkind,
17061,Charlaine_Harris,
8347,Garth_Nix,
903,Homer,
137902,Richelle_Mead,
4260,Diana_Wynne_Jones,
214,Norton_Juster,
3046613,Ransom_Riggs,
15873,Cornelia_Funke,
73149,Scott_Lynch,
68537,Eric_Rohmann,
137553,William_Joyce,
45230,Tove_Jansson,
2749983,Noah_J_Goldstein,
13898,P_D_Eastman,Philip_D_Eastman
4785,Alexandre_Dumas,
68394,Justin_Richardson,
6861265,Arnaldur_Indri_ason,
608087,Nick_Bostrom,
6378,Hans_Christian_Andersen,
3161,Sandra_Boynton,
13957,Scott_Westerfeld,
8596,Tamora_Pierce,
3524,Joyce_Carol_Oates,
57241,Emily_Arnold_McCully,
17452454,P_D_James,Phyllis_D_James
44174,Robert_Kraus,
26306,Natsuki_Takaya,
578,Mary_Pope_Osborne,
123715,Agatha_Christie,
13557729,Daniel_Abraham,
68959,Gene_Luen_Yang,
13891,Rosalind_Miles,
24514,Brian_K_Vaughan,
63111,Madeleine_K_Albright,
13199,Alain_de_Botton,
18015,Joss_Whedon,
7906,Rainer_Maria_Rilke,
22339,Henning_Mankell,
5548,Simone_de_Beauvoir,
8166,Lawrence_Durrell,
40563,Patricia_Briggs,
74263,John_Rawls,
38266,Selma_Lagerl_f,
11921,Rafe_Martin,
9834164,Henepola_Gunaratana,
1563,Steven_Johnson,
51185,Philip_E_Tetlock,
439887,Kieron_Gillen,
83714,Matthew_Reilly,
14053,Simon_Winchester,
57462,Eva_Ibbotson,
16,Edith_Wharton,
1377,Raymond_Chandler,
57952,Jim_Krueger,
104015,Barbara_Pym,
8794,Charles_Stross,
14056321,Nick_Drnaso,
2917917,N_K_Jemisin,Nora_K_Jemisin
11315,Evelyn_Waugh,
7973,Eudora_Welty,
19748106,Aaron_Reynolds,
4280,Kazuo_Ishiguro,
21050,Chang_rae_Lee,
6583169,Emily_Croy_Barker,
17505,Samuel_Richardson,
13867,Roger_Lancelyn_Green,
4391,Saul_Bellow,
12444,Bill_Willingham,
463,Philip_Roth,
15811,Rebecca_Solnit,
410680,Ivan_Turgenev,
243930,Timothy_Snyder,
16587,Kelly_Sue_DeConnick,
457,Anne_Tyler,
435477,Shel_Silverstein,
2001717,Daphne_du_Maurier,
12627,Laurie_Garrett,
6572837,Rachel_Bach,
204893,Cordelia_Fine,
12581,Cory_Doctorow,
297006,Boles_aw_Prus,
12424,Brian_Michael_Bendis,
65730,David_Kushner,
70026,Scott_Snyder,
4533716,Eliezer_Yudkowsky,
880695,H_G_Wells,Herbert_G_Wells
2958084,Kristen_Ashley,
1025097,Patricia_Cornwell,
97313,Elizabeth_Strout,
5544,Frank_E_Peretti,
4018722,Beth_Revis,
2994581,_,
2821144,Ellen_Hopkins,
200317,Alyson_Noel,
625,Nora_Roberts,
2261547,Rachel_Hawkins,
4187,Primo_Levi,
4887264,Nicole_Williams,
628636,Jenny_Downham,
58,Frank_Herbert,
1633682,_,
4872191,Abbi_Glines,
28525,Washington_Irving,
3098,Mark_Bowden,
2929,Nick_Hornby,
153697,Ben_Sherwood,
767317,Aimee_Carter,
11654,Meg_Cabot,
3541,Barbara_Kingsolver,
9550,Laurell_K_Hamilton,
3780,James_Patterson,
3097905,Colleen_Houck,
5934418,Monica_Murphy,
157663,Angie_Sage,
48192,Gena_Showalter,
8732,David_Eddings,
16218,Christopher_Moore,
6268,Christine_Feehan,
26417,Karen_Russell,
6887119,Vi_Keeland,
3472,Margaret_Atwood,
4820,Jeffrey_Archer,
4476934,Jennifer_L_Armentrout,
2384,Janet_Evanovich,
44037,Vernor_Vinge,
409113,Katherine_Center,
15538,Mikhail_Lermontov,
239579,Charles_Dickens,
4154802,C_C_Hunter,Christie_C_Hunter
17065,J_D_Robb,Nora_Roberts
13369,Betty_MacDonald,
3275,Jeannette_Walls,
4428,Kresley_Cole,
1353301,V_C_Andrews,Cleo_Virginia_Andrews
8249,Anne_Bront_,
221559,Jeff_Kinney,
32590,Anthony_Horowitz,
19697,Robin_Cook,
6454131,Tara_Conklin,
26250,Patricia_McCormick,
5869,Erik_Larson,
6538289,David_Mitchell,
4941,Brian_Sibley,
5027236,Kasie_West,
9068,Sidney_Sheldon,
12470,Michael_Connelly,
6572605,Taylor_Jenkins_Reid,
3960446,Irin_Carmon,
194243,Louise_Penny,
3153776,Mira_Grant,
4176632,W_Somerset_Maugham,William_Somerset_Maugham
588356,Nnedi_Okorafor,
713466,Tim_Marshall,
3246397,Jean_Kwok,
4415,Candace_Bushnell,
2778471,Hillary_Rodham_Clinton,
74640,Jacqueline_Woodson,
15292,Rachel_Caine,
1141204,Heather_Cocks,
14032,Connie_Willis,
3535,William_Faulkner,
68992,Ali_Smith,
17319381,Christina_Dalcher,
10885,Edgar_Rice_Burroughs,
61105,Dr_Seuss,
5350,L_M_Montgomery,Lucy_M_Montgomery
7581,Kelley_Armstrong,
1067608,Peter_S_Beagle,
7770873,Sabaa_Tahir,
4575289,Leigh_Bardugo,
4039811,Veronica_Roth,
153394,Suzanne_Collins,
363130,Ben_Aaronovitch,
21911,Melissa_de_la_Cruz,
13663,Kate_DiCamillo,
169377,Seth_Grahame_Smith,
6412,Robert_C_O_Brien,
2493,Lois_Lowry,
20248,J_R_Ward,Jessica_Bird
426944,T_H_White,Terence_H_White
11139,Mary_Wollstonecraft_Shelley,
589,Orson_Scott_Card,
348878,James_Dashner,
76360,Matt_Haig,
176372,Madeline_Miller,
3565,Oscar_Wilde,
2987125,Kiera_Cass,
2905297,Lauren_Kate,
2895706,Kami_Garcia,
1630,Ray_Bradbury,
17015,P_C_Cast,Phyllis_C_Cast
36746,Lemony_Snicket,
29535,Octavia_E_Butler,
3380908,Pittacus_Lore,
6914204,Robin_LaFevers,
1330292,Maggie_Stiefvater,
6474348,Pierce_Brown,
3354,Haruki_Murakami,
13450,Gabriel_Garc_a_M_rquez,
4,Douglas_Adams,
3290920,Cynthia_Hand,
370361,Patrick_Ness,
11664,David_Levithan,
4637539,Tahereh_Mafi,
4823432,Eowyn_Ivey,
1304470,Ally_Condie,
45315,Justin_Cronin,
2687,Dan_Simmons,
5223,Franz_Kafka,
4088550,Silvia_Moreno_Garcia,
6872556,P_L_Travers,Pamela_L_Travers
2876763,Becca_Fitzpatrick,
3843,Kenneth_Grahame,
1599723,Michael_Grant,
5073330,T_J_Klune,Travis_J_Klune
17999118,Shelby_Mahurin,
48206,Karen_Marie_Moning,
2995873,Julie_Kagawa,
2960227,Robin_Sloan,
38569,Andrzej_Sapkowski,
4684322,Marissa_Meyer,
1238111,Marie_Rutkoski,
4086715,Kendare_Blake,
79589,Alex_Flinn,
815,Carlos_Ruiz_Zaf_n,
6540057,Andy_Weir,
16667,Isaac_Asimov,
3487,Aldous_Huxley,
31712,Ernest_Cline,
2778055,Kurt_Vonnegut_Jr_,
4763,John_Scalzi,
11072,Daniel_Keyes,
4764,Philip_K_Dick,
12476,Joe_Haldeman,
7779,Arthur_C_Clarke,
205,Robert_A_Heinlein,
5194,Michael_Crichton,
9226,William_Gibson,
545,Neal_Stephenson,
696805,Jules_Verne,
5735,Anthony_Burgess,
4178,Cormac_McCarthy,
3961,Alan_Moore,
26,Anne_McCaffrey,
10538,Carl_Sagan,
4432,Jasper_Fforde,
3064305,Hugh_Howey,
2786093,Emily_St_John_Mandel,
8726,Richard_Matheson,
4192148,James_S_A_Corey,
19564,Neal_Shusterman,
442240,Blake_Crouch,
2347,Jeanne_DuPrau,
4342215,Marie_Lu,
1285555,Jos_Saramago,
854076,Robert_Louis_Stevenson,
1362939,Bruce_Campbell,
70762,Hugh_Lofting,
3001246,Yoon_Ha_Lee,
16319,Suetonius,
2290725,Jeff_Sutherland,
77098,Raymond_Briggs,
17350,Andrea_Camilleri,
6906496,Brandon_Stanton,
6172406,Charles_Graeber,
64039,Paul_O_Zelinsky,
17623,D_H_Lawrence,David_H_Lawrence
12447,Arnold_Lobel,
36070,Donald_Crews,
13787449,Olivia_Dade,
12589696,Laura_Barnett,
3510823,Walt_Disney_Company,
1169504,A_S_Byatt,Antonia_S_Byatt
2131,Mem_Fox,
2802356,Herg_,
18444,Paul_Galdone,
1413437,Elizabeth_Gaskell,
7419,John_Galsworthy,
314443,Rosalie_Ham,
7757102,_douard_Louis,
2147,Ivo_Andri_,
9399,Jeanette_Winterson,
12806,Hannah_Arendt,
91236,Maggie_O_Farrell,
3989,V_S_Naipaul,Vidiadhar_S_Naipaul
20838,Jane_Gardam,
8170,William_Boyd,
3222,Penelope_Fitzgerald,
2003542,Marguerite_de_Angeli,
18704,Charles_Wheelan,
1218,Jon_Ronson,
4610,John_Sandford,
29837,Moli_re,
12577,Douglas_Preston,
15686,Jean_Racine,
2622328,Maria_Augusta_von_Trapp,
5152,Vladimir_Nabokov,
41616,Friedrich_D_rrenmatt,
7849,Richard_Ford,
131,Charles_Todd,
5209,Annie_Dillard,
7825,Ruth_Ozeki,
6251,Julie_Garwood,
9291,David_Baldacci,
51204,Alastair_Reynolds,
9657,Richard_Wright,
12772,Warren_Ellis,
19405,Thomas_Mann,
107761,Eric_Wilson,
33794,Jenny_Offill,
53,Heidi_Murkoff,
445303,Maria_V_Snyder,
6476625,Kylie_Scott,
9212,Jennifer_Weiner,
3034502,Douglas_R_Hofstadter,
8734,Dorothy_L_Sayers,
4103366,Lauren_DeStefano,
3058,Augusten_Burroughs,
8546820,Emily_Bleeker,
47672,Trenton_Lee_Stewart,
88301,Elin_Hilderbrand,
65189,Louise_Rennison,
14126306,Matthew_FitzSimmons,
713,Lisa_See,
1791,Seth_Godin,
4279785,Wendy_Higgins,
93970,Sara_Shepard,
247642,Charles_Belfoure,
18282,Lisa_Gardner,
5410816,Tarryn_Fisher,
1483,Joseph_J_Ellis,
153734,Ellen_Schreiber,
57239,Alyson_Richman,
4971535,Kristen_Callihan,
4464118,Jamie_McGuire,
3162181,_,
3368,Audrey_Wood,
38954,Shaun_Tan,
2830569,Karuho_Shiina,
2088,Kimon_Nicolaides,
53259,Stella_Gibbons,
25334,Sarah_Waters,
31428,Kiran_Desai,
1238,Nelson_DeMille,
125308,Cinda_Williams_Chima,
3036304,Caragh_M_O_Brien,
3222554,Jonas_Jonasson,
6459302,J_Kenner,Julie_Kenner
3892,Tom_Clancy,
7097332,Emerson_Eggerichs,
9585077,Sejal_Badani,
149883,Andrew_Davidson,
20105,Joseph_Campbell,
17216,Peter_Lerangis,
699143,J_Lynn,Jennifer_Lynn
84719,Robert_Lopshire,
4258,Lawrence_Wright,
575,Robert_Harris,
5329,Brian_Jacques,
14577,Jen_Lancaster,
13522695,A_J_Banner,Anne_J_not_actually_anne_but_definitely_female_Banner
26513,Richard_Lancelyn_Green,
1402383,Elizabeth_George,
1544,Lance_Armstrong,
2546,Chuck_Palahniuk,
21574,Charles_Burns,
970554,Ingrid_Law,
25375,Peter_F_Hamilton,
396165,Anna_Burns,
18002228,Sally_Thorne,
47104,Melina_Marchetta,
24824,Jon_Stone,
4012,Wilkie_Collins,
56700,Crockett_Johnson,
6989,Rudyard_Kipling,
173,George_Eliot,
12452,Aesop,
1113469,Hermann_Hesse,
36714,Frederick_Forsyth,
15905,Thomas_Hardy,
3953,William_Makepeace_Thackeray,
13778,Bill_Watterson,
16494,Sebastian_Junger,
3539,Rohinton_Mistry,
2121,Michael_Pollan,
967839,H_A_Rey,Hans_A_Rey
881203,Willa_Cather,
7549,Elizabeth_George_Speare,
1002,Sophocles,
1432,Michael_Cunningham,
3190,F_Scott_Fitzgerald,Francis_Scott_Fitzgerald
5144,James_Joyce,
59542,Peter_Benchley,
8050,Ira_Levin,
5272674,Jenny_Lawson,
585,John_Steinbeck,
988142,E_B_White,Elwyn_B_White
5300,Laura_Ingalls_Wilder,
10289,Dennis_Lehane,
8885,George_Saunders,
2522,Zadie_Smith,
29671,Ezra_Jack_Keats,
7751,Tennessee_Williams,
2893961,Emmuska_Orczy,
10003,Laurie_Halse_Anderson,
6238,Marjane_Satrapi,
9876,John_Milton,
13234,Sandra_Cisneros,
13388,Shirley_Jackson,
7084,Karl_Marx,
5246,Amy_Tan,
18062,James_Herriot,
615274,Kate_Morton,
211268,Geraldine_Brooks,
7275,Helen_Keller,
21982,Alison_Bechdel,
688,George_S_Clason,
2448,Arthur_Conan_Doyle,
120401,David_Benioff,
7111,Walter_Isaacson,
2749,Scott_Turow,
9785,Andre_Dubus_III,
1244,Mark_Twain,
17212,Marcus_Aurelius,
3447,Ken_Follett,
64709,Clement_C_Moore,
6518370,Whitney_G_,
696372,Alexandra_Adornetto,
71438,Joyce_Maynard,
2508,Claire_Messud,
7231634,Bruce_Holsinger,
6765,Virginia_Woolf,
835348,Ann_Aguirre,
17039266,Kate_Clayborn,
164153,Hisaya_Nakajo,
6446604,Gina_L_Maxwell,
6587,Tad_Williams,
113561,Osamu_Dazai,
6574132,R_K_Lilley,Rebecca_K_Lilley
71688,Nalini_Singh,
990,Aeschylus,
150484,Barry_Lyga,
276660,Joe_Abercrombie,
4849669,Fisher_Amelie,
4167378,Samantha_Young,
2526,Libba_Bray,
7136914,Ann_Patchett,
566,Paulo_Coelho,
514824,Julia_Hoban,
9464,Haven_Kimmel,
12915,Jane_Green,
7742,Keri_Arthur,
52989,Julie_Anne_Peters,
6104,Marian_Keyes,
978484,Lisa_Genova,
6452601,Tracy_Brogan,
6983012,Belle_Aurora,
6994378,Mia_Sheridan,
22414,Richard_Peck,
375143,Larissa_Ione,
2995577,Helen_Simonson,
9559,Sue_Grafton,
4430,Sherrilyn_Kenyon,
132350,Joy_Adamson,
2740668,Dan_Wells,
7308,Susan_Cooper,
1023510,R_A_Salvatore,Robert_A_Salvatore
19954,Christopher_Pike,
54493,Kristin_Hannah,
437652,Chris_Pavone,
10017,Sigmund_Freud,
6546441,Katie_Ashley,
316,Alice_Sebold,
2875124,Heather_Gudenkauf,
38066,Karen_Chance,
5989,Jane_Yolen,
2987,Sarah_Dessen,
16215,Ruth_Stiles_Gannett,
5773,Tim_Burton,
291620,Steven_Galloway,
4090011,S_C_Gwynne,Samuel_C_Gwynne
33467,Jonathan_Stroud,
2192,Aristotle,
7139136,Penelope_Douglas,
8475681,Erika_Swyler,
65913,Wallace_D_Wattles,
2533,Graham_Greene,
14972725,Steven_Rowley,
285217,Johann_Wolfgang_von_Goethe,
6548349,Natasha_Preston,
14473,James_M_Cain,
72887,Camilla_L_ckberg,
9355,Dean_Koontz,
14989,Vince_Flynn,
34863,Brynne_Stephens,
27,Zilpha_Keatley_Snyder,
47499,Paullina_Simons,
879,Plato,
248844,Richard_Paige,
62263,Kathleen_Tessaro,
11164,Theodore_Taylor,
3490,Lauren_Weisberger,
22694,Flannery_O_Connor,
9432,Joanne_Harris,
221253,Cherie_Priest,
4906445,H_W_Janson,Horst_W_Janson
23821,Eleanor_Estes,
23511,Rita_Mae_Brown,
6001,Carolyn_Keene,
46742,Brother_Andrew,
31232,Steven_Erikson,
3365457,Ann_Leckie,
27847,Lisa_Kleypas,
16807,Bryan_Lee_O_Malley,
262262,Felix_Salten,
345630,Carrie_Jones,
22504,Joanna_Cole,
1152263,Michelle_Leighton,
7801879,Charlie_N_Holmberg,
481146,John_Gardner,
7625163,Tim_LaHaye,
12736,Mark_Millar,
16104262,Lew_Wallace,
5414,Patricia_Reilly_Giff,
373395,Dawn_J_Ranck,
201369,Robert_Masello,
3390621,Leila_Sales,
35345,Michael_Moss,
4864634,C_J_Redwine,Christina_J_not_actually_christina_but_female_Redwine
15417864,Emily_R_King,
9629,Terry_Brooks,
6581091,Kelly_Elliott,
869,Margaret_Weis,
119121,Conn_Iggulden,
21748,Ilona_Andrews,
66186,Harry_Allard,
3489,Rebecca_Wells,
4851199,Tijan,
437669,A_N_Roquelaure,Anne_N_Roquelaure
8588,Raymond_E_Feist,
88506,Joe_Hill,
4000,Pat_Barker,
2238,Isabel_Allende,
13807841,Max_Porter,
4649,Plum_Sykes,
3078,Atul_Gawande,
6785,Giles_Andreae,
4951964,Shelly_Crane,
27498,Erin_Hunter,
13078,Kingsley_Amis,
3162,Doreen_Cronin,
21387,Mary_Kay_Andrews,
1260,Michel_Foucault,
61561,Pam_Adams,
74046,D_J_MacHale,Donald_J_MacHale
3379564,Alice_Clayton,
29085,Daniel_Silva,
7363,Raymond_Carver,
3251696,Kelly_McGonigal,
6633,Sigrid_Nunez,
4601855,Jessica_Sorensen,
66631,Marisa_de_los_Santos,
3371,Dave_Eggers,
7010931,J_G_Ballard,James_G_Ballard
410653,Astrid_Lindgren,
5293,Robert_Ludlum,
17272,Kohta_Hirano,
2059918,Michael_Rosen,
24689,Harlan_Coben,
7773619,Shin_Kyung_sook,
179712,Chris_d_Lacey,
3509,Chris_Bohjalian,
1858,Kim_Stanley_Robinson,
303859,Justine_Korman_Fontes,
33274,Mo_Willems,
27621,Carolyn_Mackler,
34893,Amy_Stewart,
26372,Kathy_Reichs,
17054,Kim_Harrison,
7844,Richard_Russo,
3393956,Nicky_Charles,
432,Ayn_Rand,
2130,Gordon_Korman,
80808,Helen_Oyeyemi,
73977,Lisa_Renee_Jones,
963811,A_J_Jacobs,Arnold_J_Jacobs
19879,Stephen_Crane,
2755160,Kimberly_Derting,
3486415,Amanda_Hocking,
220718,Diane_Muldrow,
1562974,Katie_Alender,
10547,E_E_Cummings,Edward_E_Cummings
117884,Eric_Shanower,
6888697,J_B_Salsbury,Jessica_B_not_actually_jessica_Salsbury
4519463,Kyousuke_Motomi,
31122,Rick_Bragg,
3532,Maeve_Binchy,
6555784,Jim_Gaffigan,
183005,Jordan_Sonnenblick,
28558,Verna_Aardema,
647438,Andrea_Hirata,
466,Jon_Stewart,
11785,Stormie_Omartian,
13275,Charles_Bukowski,
19439,Stephen_Briggs,
605364,Al_Dempster,
203238,Jennifer_Echols,
7025,Gregory_Maguire,
2965489,Jennifer_Probst,
11094,Al_Perkins,
3525,Edwidge_Danticat,
4387,John_Saul,
2921547,Heidi_W_Durrow,
51484,Paul_Zindel,
4134859,Jessica_Shirvington,
12425,Robert_Kirkman,
6434584,Mhairi_McFarlane,
6089757,Sandi_Lynn,
10366,Clive_Barker,
6556689,Christina_Lauren,
4500546,Foundation_for_Inner_Peace,
33918,China_Mi_ville,
311098,Katsura_Hoshino,
25619,Henryk_Sienkiewicz,
50873,L_J_Smith,Lisa_J_Smith
8476,CLAMP,
61015,Christos_Tsiolkas,
454774,F_bio_Moon,Fabio_Moon
5416410,A_Meredith_Walters,Anna_not_actually_anna_Meredith_Walters
146374,Joseph_Delaney,
3151093,Richard_C_Morais,
4197193,Sarah_Winman,
7126313,William_Davis,
21625,Lilian_Jackson_Braun,
7829666,Matthew_Thomas,
4314,Josh_McDowell,
978703,Kathleen_Kent,
63898,Julia_Quinn,
3362,Eric_Carle,
1011,Aristophanes,
3267859,Jennifer_A_Nielsen,
43784,Lian_Hearn,
4927506,Beatriz_Williams,
47072,John_Hart,
2951738,Noel_Streatfeild,
159038,A_L_Singer,Peter Lerangis
6404,Jonathan_Lethem,
3020048,Karl_Ove_Knausg_rd,
2891665,Gail_Carriger,
2891503,Bree_Despain,
1041311,Ren_Goscinny,
9761936,J_Ryan_Stradal,John_not_actually_john_Ryan_Stradal
2730977,Henrik_Ibsen,
6173870,Timur_Vermes,
4043,Wilbur_Smith,
137261,Barbara_W_Tuchman,
3112212,Courtney_Cole,
274533,Simone_Elkeles,
359109,Jessica_Day_George,
18800,Michio_Kaku,
38531,Michelle_Rowen,
6549285,Amy_Ewing,
1124,Anthony_Bourdain,
3190428,Cherrie_Lynn,
167932,Jenny_Carroll,
4175419,Darynda_Jones,
28574,Jude_Deveraux,
6417,James_Clavell,
2816864,Liz_Fenton,
4866520,K_A_Tucker,Kathleen_A_Tucker
6582,Antonia_Fraser,
78407,Judy_Schachner,
1923104,Sarah_Silverman,
25421,Tony_DiTerlizzi,
6208,Dodie_Smith,
5816,Darren_Shan,
815278,Lincoln_Peirce,
9941,Bill_Simmons,
12504,Karin_Slaughter,
7385,Chaim_Potok,
13747,George_W_Bush,
29068,Dalton_Trumbo,
27276,Robert_Charles_Wilson,
2885514,Rhoda_Janzen,
16094,Lois_McMaster_Bujold,
1315,Louisa_May_Alcott,
2956496,Kathy_Griffin,
7956,Mary_Roach,
7215049,Isak_Dinesen,
6452053,Kimberly_McCreight,
904719,Jo_Nesb_,
3028,Loung_Ung,
957,Thucydides,
15085,Frank_Miller,
2715,Michael_Chabon,
353227,Nic_Sheff,
56358,Rene_Denfeld,
15332,Rachel_Carson,
74189,Lisa_Lutz,
3012335,Andrew_Ross_Sorkin,
3506,Carson_McCullers,
19771050,Aleksandr_Solzhenitsyn,
2560,Louise_Fitzhugh,
3536,Ursula_Hegi,
20849,Rosamunde_Pilcher,
15830,Sarah_Dunant,
2897630,Johann_David_Wyss,
4261,Allen_Ginsberg,
7128,Jodi_Picoult,
6875794,Jay_Crownover,
403,Beverly_Cleary,
27857,Jenna_Blum,
52627,Olive_Ann_Burns,
669810,Jeaniene_Frost,
6025722,Walter_M_Miller_Jr_,
19708,Leon_Uris,
1641,Nathaniel_Philbrick,
36615,Adam_Johnson,
10015,Kate_Atkinson,
21559,Nassim_Nicholas_Taleb,
45374,Susan_Orlean,
16150223,Kate_Moore,
7,Bill_Bryson,
1439,Malcolm_Gladwell,
3137322,Fyodor_Dostoyevsky,
1438,Walt_Whitman,
16458196,Etaf_Rum,
16927,Dashiell_Hammett,
3530,Anita_Shreve,
1466,Jean_Paul_Sartre,
4128,J_M_Coetzee,John_M_Coetzee
6539545,Kelly_Harms,
9720,Mary_Norton,
7832387,Allen_Eskens,
6569,Louis_Sachar,
9121,James_Fenimore_Cooper,
6569504,Hannah_Kent,
2982266,Jandy_Nelson,
55215,Junot_D_az,
7491,Marilynne_Robinson,
150810,Hiro_Mashima,
13575034,Linda_Holmes,
2974095,Kate_Quinn,
19527332,Chanel_Miller,
27281,Bill_O_Reilly,
982213,David_Wroblewski,
5023,Jacqueline_Winspear,
4345,Walter_Scott,
3027554,Kiersten_White,
27318,Jon_Scieszka,
3681,Ann_Brashares,
16287225,Jasmine_Guillory,
9987,Philippa_Gregory,
3497436,Lisa_Taddeo,
3534,Toni_Morrison,
19003531,Svetlana_Alexievich,
369288,Peter_H_eg,
116623,Sabahattin_Ali,
16204,Edward_Rutherfurd,
6547911,Yangsze_Choo,
571131,Eleanor_Brown,
10992,Alfred_Bester,
53498,Bo_Hampton,
4414255,Kevin_Hearne,
3318236,Youssef_Ziedan,
3502,Alice_Hoffman,
8730,Naomi_Novik,
13263,Edith_Hamilton,
30095,Jean_Webster,
23013,Edmund_Morris,
6568302,Heidi_McLaughlin,
26970,Alistair_MacLean,
5416814,Ellen_Marie_Wiseman,
13490756,Ay_ba_mi_Ade_ba_y_,
1857564,Chloe_Neill,
164576,Suzanne_Young,
3873,Mikhail_Bulgakov,
2122,Sarah_Vowell,
2063919,Michael_J_Sullivan,
32637,Sergei_Lukyanenko,
296560,Olga_Tokarczuk,
5774116,Amanda_Coplin,
93351,Michelle_Magorian,
18540,T_S_Eliot,Thomas_S_Eliot
2578,Jonathan_Franzen,
1906497,Lauren_Graham,
12980,Stephen_R_Donaldson,
33280,Dav_Pilkey,
31003,Ildefonso_Falcones,
10482,Jeff_Lindsay,
7224009,Jasmine_Warga,
908,Alessandro_Baricco,
2362,Marisha_Pessl,
7047863,K_Bromberg,Kate_not_actually_kate_Bromberg
11912,Jude_Watson,
2408,Ian_McEwan,
36122,Patricia_C_Wrede,
21578,Edward_Gorey,
13453,William_Blake,
4384465,Brodi_Ashton,
55794,Roberto_Aguirre_Sacasa,
34049,John_Flanagan,
3041,Jon_Meacham,
3500,Anna_Quindlen,
9972,Julia_Glass,
7115158,B_J_Novak,Benjamin_J_Novak
20357,Chelsea_Handler,
4443809,Thea_Harrison,
6542440,Elif_Shafak,
805184,Jennifer_E_Smith,
4637369,Veronica_Rossi,
15907,Tom_Perrotta,
8987,Theodore_Dreiser,
12076,Russell_Hoban,
7680,Eugene_O_Neill,
7994,Jean_Jacques_Rousseau,
4462824,Camille_Pag_n,
17501,Henry_Fielding,
21477,Nevil_Shute,
6410,Alice_Munro,
14188547,Don_Wood,
3276202,Ottessa_Moshfegh,
34070,Andy_Goldsworthy,
21246,Gretchen_Rubin,
71955,Arthur_Hailey,
7044164,Scott_Meyer,
8924,Lloyd_Alexander,
12437,Gary_Shteyngart,
14151,Craig_Thompson,
1194,Richard_Dawkins,
51287,Alexander_Hamilton,
4030,Michael_Ondaatje,
3529,Elizabeth_Berg,
1357577,Fran_oise_Sagan,
749461,G_nter_Grass,Gunter_Grass
14965,Garth_Ennis,
304060,Svetlana_Chmakova,
79216,Alan_Weisman,
12542,Bernard_Cornwell,
164139,Rachel_Kushner,
163,Marguerite_Duras,
61382,Matt_Fraction,
7799,Nathaniel_Hawthorne,
8446300,Scott_Hawkins,
82570,Gregg_Andrew_Hurwitz,
416300,Tom_Hanks,
5589647,Marie_Kond_,
51589,Chitra_Banerjee_Divakaruni,
16593,Sam_Harris,
15053129,Lisa_Ko,
5691,Nora_Ephron,
10401,James_Gleick,
5416055,Deb_Perelman,
32878,Michel_Houellebecq,
7014283,G_K_Chesterton,Gilbert_K_Chesterton
3099544,Victoria_Schwab,
123463,Mary_E_Pearson,
20258,Lisa_Scottoline,
4919495,Chris_Colfer,
72039,Roberto_Bola_o,
13804788,Ruth_Wariner,
10710,W_E_B_Du_Bois,William_E_B_Du_Bois
12130438,Dennis_E_Taylor,
1370283,Brent_Weeks,
4738,Alexander_McCall_Smith,
7205478,Katarina_Bivald,
29227,Giovanni_Boccaccio,
88685,Alison_Goodman,
11111,Ian_Caldwell,
9018,Mike_Carey,
33919,Jeff_VanderMeer,
7168230,V_E_Schwab,Victoria_E_Schwab
1949,Katherine_Paterson,
7074943,Victoria_Aveyard,
16642745,Tomi_Adeyemi,
42158,John_D_Rateliff,
25052,Brandon_Mull,
6887314,Noelle_Stevenson,
861,Jean_M_Auel,
61939,Mark_Cotta_Vaz,
2936493,Lauren_Oliver,
15968276,Chloe_Benjamin,
2973783,Alexandra_Bracken,
811,Yann_Martel,
3377941,Rick_Yancey,
2938140,Jacob_Grimm,
25422,Holly_Black,
4343092,Amish_Tripathi,
4600197,Ren_e_Ahdieh,
17160667,Stuart_Turton,
3720,Anne_Frank,
1049,Elie_Wiesel,
431149,Truman_Capote,
4379,Sylvia_Plath,
1235,Jon_Krakauer,
2940640,Rebecca_Skloot,
3347,Frank_McCourt,
10264,Henry_David_Thoreau,
6466154,Kahlil_Gibran,
3503,Maya_Angelou,
798,Steven_D_Levitt,
5158478,Anonymous,
4101935,Susan_Cain,
3317,Dale_Carnegie,
5117,Art_Spiegelman,
30913,Laura_Hillenbrand,
4952,John_Berendt,
17435,Malcolm_X,
11679,Elizabeth_Gilbert,
16201,Niccol_Machiavelli,
256,Jared_Diamond,
287960,Randy_Pausch,
1401,Stephen_Hawking,
155717,Cheryl_Strayed,
2331,Mitch_Albom,
4376,Susanna_Kaysen,
2782,Viktor_E_Frankl,
1771,Sun_Tzu,
6281688,David_McCullough,
6448979,Better_Homes_and_Gardens,
5237,Hunter_S_Thompson,
7064545,Malala_Yousafzai,
2867696,Piper_Kerman,
401,Robert_M_Pirsig,
1257,Barbara_Ehrenreich,
102203,Corrie_ten_Boom,
72401,Daniel_Kahneman,
14031444,Paul_Kalanithi,
194416,Mindy_Kaling,
2849,David_Sedaris,
7350402,Amy_Poehler,
8002,John_Grogan,
380,Eric_Schlosser,
843200,Oliver_Sacks,
1538,Stephen_R_Covey,
27837,Greg_Mortenson,
622,Gary_Chapman,
167112,E_H_Gombrich,Ernst_H_Gombrich
15109469,J_D_Vance,James_D_Vance
3340,Spencer_Johnson,
5201530,Charles_Duhigg,
1881,Dave_Pelzer,
395812,Yuval_Noah_Harari,
4385839,Tina_Fey,
5778057,Susannah_Cahalan,
711,Rick_Warren,
2790706,Hans_Rosling,
42697,Irma_S_Rombauer,
1429989,Richard_P_Feynman,
1214964,Ta_Nehisi_Coates,
6900,Thomas_Keneally,
133538,Christopher_McDougall,
848,John_Gray,
24189,Ishmael_Beah,
196092,Patti_Smith,
6984726,Allie_Brosh,
5151,Azar_Nafisi,
486329,Daniel_James_Brown,
1476,Doris_Kearns_Goodwin,
4826,Frances_Mayes,
5333595,Sheryl_Sandberg,
1455,Ernest_Hemingway,
9059,Caroline_B_Cooney,
15516,Erich_Segal,
20979369,Gawain_Poet,
5768,John_Jakes,
15619,Michael_Ende,
16904,Richard_Bach,
6521173,Jasinda_Wilder,
7277,Julia_Alvarez,
11525,Samuel_Taylor_Coleridge,
70916,Jessica_Shattuck,
3075,John_Irving,
23509,Jean_Craighead_George,
6160,Sophie_Kinsella,
61124,Chetan_Bhagat,
4462369,William_S_Burroughs,
157146,Christina_Baker_Kline,
4721536,Mark_Lawrence,
13728,Alvin_Schwartz,
6860531,Bella_Forrest,
32049,Daniel_Todd_Gilbert,
9345,Brian_Froud,
18411,Clive_Cussler,
3299,Salman_Rushdie,
19706,Jack_Higgins,
5091,Lee_Child,
5186274,A_G_Howard,Anne_not_actually_anne_G_Howard
566874,Sarah_Addison_Allen,
38809,James_Rollins,
165168,Derek_Landy,
22159,Jessica_Park,
38120,Brian_Selznick,
9890,Tami_Hoag,
3517,Sue_Miller,
9824300,Stephanie_Danler,
5836922,Dai_Sijie,
164127,Yoshiki_Nakamura,
223343,Joanna_Wylde,
7751367,Emma_Healey,
3353516,Amy_Plum,
12540,Robert_Bloch,
130166,Cynthia_Lord,
15450,Virginia_Lee_Burton,
599916,Tabitha_Suzuma,
7935185,E_Nesbit,Evelyn_Nesbit
5085738,J_Sterling,Jenn_Sterling
1647762,Julie_James,
176959,Sarah_Thornton,
1445909,Adrian_Tchaikovsky,
7177350,M_R_Carey,Mike_R_Carey
14617,Margaret_Peterson_Haddix,
12534,Larry_Niven,
5360335,Amie_Kaufman,
5780686,Liu_Cixin,
1318,Susan_Beth_Pfeffer,
4890182,Susan_Ee,
118226,Naomi_Alderman,
7271073,Josh_Malerman,
5858,Richard_Bachman,
175329,Rebecca_Stead,
54875,Don_Tapscott,
6869072,C_L_Stone,Christine_not_actually_christine_L_Stone
198837,Peter_H_Reynolds,
14814106,Kel_Kade,
580494,Jason_Aaron,
17895699,Ashley_Saunders,
73751,Peter_L_Bernstein,
8058863,Christian_Rudder,
8685,Mercedes_Lackey,
25573,Stefan_Zweig,
140455,Olaudah_Equiano,
6460339,Alain_Fournier,
7628,Iain_Banks,
26886,Stan_Berenstain,
16290,Donna_Leon,
9494,H_P_Lovecraft,Howard_P_Lovecraft
3408059,Melanie_Dickerson,
7519,Jonathan_Harr,
49986,George_Packer,
4116,Erich_Maria_Remarque,
45388,Liz_Prince,
21346,David_Shannon,
30654,Eloise_Jarvis_McGraw,
12942,Judy_Blume,
33156,Doreen_Rappaport,
7623849,Virginia_M_Axline,
58484,Harold_McGee,
85858,Stephen_Sondheim,
7305,Mary_McCarthy,
191218,Alice_Schertle,
61659,Cameron_Dokey,
143178,Christina_Rossetti,
8722,Else_Holmelund_Minarik,
128668,Ji_li_Jiang,
704,Pearl_S_Buck,
68613,Theodor_Fontane,
5116,Jules_Feiffer,
24844,Lindsey_Davis,
17998571,David_Kirkpatrick,
1567394,Matthew_Woodring_Stover,
121825,Rob_Thurman,
321601,Johann_Hari,
7190,Ana_s_Nin,
12733,Jon_J_Muth,
821537,Deborah_Diesen,
20524,Anthony_Trollope,
199200,Natalie_Savage_Carlson,
192314,Richard_Henry_Dana_Jr_,
5760737,Seth_Dickinson,
4046,Ellis_Peters,
33502,Esther_M_Friesner,
65471,Robert_Lynn_Asprin,
20493,Brian_Wood,
1728,Orhan_Pamuk,
194419,Charles_G_Shaw,
35548,Manuel_Puig,
18130,Carol_Goodman,
4454736,Sherri_Duskey_Rinker,
28083,Stephen_R_Lawhead,
1405152,Peter_V_Brett,
27100,Michael_Scott,
4208569,Rainbow_Rowell,
49177,Shannon_Hale,
14137787,Stephanie_Garber,
57990,Kennilworthy_Whisp,
175855,Melissa_Marr,
6466778,Helene_Wecker,
19981845,Newt_Scamander,
13922215,Katherine_Arden,
298438,Kerstin_Gier,
39402,Patrick_S_skind,
4126827,Michelle_Hodkin,
173491,E_Lockhart,Emily_Lockhart
4633123,H_Rider_Haggard,Henry_Rider_Haggard
6550037,Kristen_Proby,
6447490,_,
21135,Anne_Morrow_Lindbergh,
4624490,Edgar_Allan_Poe,
6569002,Nathan_Filer,
8080,Michael_Morpurgo,
1159886,Arkady_Strugatsky,
822,James_Frey,
5325,Carol_Ryrie_Brink,
1274669,Mark_Owen,
504038,Anna_Banks,
9885,Judith_McNaught,
819789,J_D_Salinger,Jerome_D_Salinger
3083854,Tom_Wolfe,
3499,Lalita_Tademy,
5944,Bill_Clinton,
526211,Helen_Bryan,
14031516,Fiona_Barton,
6039100,Robert_Munsch,
3387859,Nate_Silver,
8656,T_Harv_Eker,Thomas_not_actually_thomas_Harv_Eker
15590,Mary_Stewart,
5021508,Sapphire,
5430144,Colleen_Hoover,
6942,Pat_Conroy,
5234,Sena_Jeter_Naslund,
2018764,Atsushi_Ohkubo,
3980637,Tina_Reber,
7715,Robert_Frost,
24978,Maya_Banks,
569269,Jay_Asher,
99044,Mary_Higgins_Clark,
5014564,Quinn_Loftis,
5286855,Amy_A_Bartol,
234115,Faith_Hunter,
40593,Gabrielle_Zevin,
6554504,Madeline_Sheehan,
3189389,Kyle_Idleman,
3186713,Alexandre_Dumas_fils,
4882127,Rachel_Van_Dyken,
1036615,Charlotte_Bront_,
5204412,Ayana_Mathis,
3213942,Linda_Kage,
2096360,Aprilynne_Pike,
30691,Adolf_Hitler,
14078,David_Brin,
5437976,J_A_Redmerski,Jessica_A_Redmerski
4330590,H_M_Ward,Hannah_not_actually_hannah_M_Ward
29621,Sister_Souljah,
7056140,Laurelin_Paige,
12034,Carol_Shields,
65678,Miranda_July,
6247,Matthew_Pearl,
23722,Donna_VanLiere,
67295,Madeleine_Wickham,
1050,Mark_Haddon,
1074866,Alan_Bradley,
14589884,Eric_Weiner,
17854,Bertrand_Russell,
18731,Marcus_Buckingham,
3351454,Morgan_Matson,
8764,Teddy_Slater,
15241064,Jane_Corry,
5192116,Julie_Kibler,
6245,Dave_Barry,
43274,Adrian_Conan_Doyle,
4605,Lisi_Harrison,
8434062,Lauren_K_Denton,
3465557,L_A_Weatherly,Lisa__not_actually_lisa_A_Weatherly
2617,Jonathan_Safran_Foer,
4711,Sue_Monk_Kidd,
6760,Laurie_R_King,
9823112,Alix_E_Harrow,
16820001,R_F_Kuang,Rebecca_F_Kuang
93504,Lisa_Jewell,
15127507,Karen_M_McManus,
5829056,Amy_Harmon,
5435162,Liz_Moore,
6439440,Marieke_Nijkamp,
13905555,Emily_Henry,
55758,Bernard_Waber,
272814,E_D_Baker,Elizabeth_D_Baker
11586,David_Gemmell,
5028226,Paul_Pen,
1064072,T_Coraghessan_Boyle,Thomas_Coraghessan_Boyle
4875266,Katie_Davis,
7368938,David_Arnold,
13311,Al_Franken,
3501,Kaye_Gibbons,
21798,Betty_Friedan,
166674,Yukiru_Sugisaki,
537929,Beth_Harbison,
5769238,T_M_Frazier,Tracey_M_Frazier
8131,Horace_Walpole,
11236,Caroline_Myss,
151371,Jenny_Han,
114656,Cupcake_Brown,
236,Harold_Bloom,
7324934,R_S_Grey,Rachel_S_Grey
6997072,Katy_Evans,
2958717,Melanie_Benjamin,
18149,Tess_Gerritsen,
179,Ann_McGovern,
972440,Hillary_Jordan,
58843,A_Manette_Ansay,Anne_not_actually_anne_Manette_Ansay
24732,Andrea_Levy,
20983,Shayla_Black,
79922,Megan_McCafferty,
6599,Margaret_George,
11286,Ariel_Levy,
1756,Chris_Anderson,
36556,Ren_Descartes,
7079,Ben_Fountain,
361963,Catherine_Gilbert_Murdock,
7305254,Danielle_Paige,
17219,Arthur_Koestler,
5351355,J_M_Darhower,Jessica_not_actually_jessica_M_Darhower
8146,Mark_Helprin,
1308914,Erin_Kelly,
40119,Grant_Naylor,
5763298,Tammy_Falkner,
6866,Stephen_Coonts,
233,Don_DeLillo,
1367163,The_Church_of_Jesus_Christ_of_Latter_day_Saints,
5174152,C_J_Roberts,Christine_not_actually_christine_J_Roberts
4629194,Brigid_Kemmerer,
1461,Gustave_Flaubert,
26826,Anna_Gavalda,
3345,Joseph_Conrad,
6085,Erica_Jong,
3424060,Adolfo_Bioy_Casares,
28244,Anita_Brookner,
200033,Anita_Amirrezvani,
5168929,Magda_Szab_,
45726,David_Hume,
159,Henry_James,
51746,John_Locke,
11038,Immanuel_Kant,
18791,Guy_de_Maupassant,
815259,G_Willow_Wilson,Gwendolyn_Willow_Wilson
7927,Norman_Mailer,
49420,Janet_Ahlberg,
14084,Jonathan_Kozol,
18143,Walter_Lord,
1411964,John_le_Carr_,
23069,Gene_Wolfe,
5863103,Angela_Y_Davis,
389474,Joseph_O_Neill,
14150,Martha_Grimes,
3620,Kathleen_Winsor,
43613,Nevada_Barr,
51289,James_Lincoln_Collier,
34061,Carolyn_Parkhurst,
200142,Marcus_Samuelsson,
36722,Martin_Waddell,
18304042,Frances_Burney,
15441,Bob_Woodward,
1481537,Stendhal,
6580622,W_G_Sebald,Winfried_G_Sebald
692,Mercer_Mayer,
5160667,Shay_Savage,
7125278,Will_Wight,
16325,Jan_Brett,
14249613,Kenneth_C_Johnson,
4124738,Ed_Yong,
7390210,Sebastien_de_Castell,
121814,Allen_Say,
3159984,Karen_Kingsbury,
1336408,Melissa_Anelli,
103243,Julia_Donaldson,
63278,Tom_Reiss,
2855221,Mac_Barnett,
245590,Esi_Edugyan,
33362,Bruce_Degen,
6979322,Donnie_Eichar,
2541526,Elly_Griffiths,
15231588,Ruth_Emmie_Lang,
45429,Jeffrey_Brown,
5411,Cynthia_Rylant,
6583172,Emily_Oster,
167395,Alex_Kava,
307885,Caralyn_Buehner,
10517,David_Weber,
43825,Robert_Leckie,
56223,Joshua_Ferris,
1598076,Sarah_MacLean,
96375,Gary_D_Schmidt,
72451,Jonathan_Maberry,
2860219,Seanan_McGuire,
7086094,Brian_Staveley,
721,John_Grisham,
14250598,Jana_Aston,
415967,Rachel_Vincent,
7735,Irwin_Shaw,
19696,Greg_Iles,
2751,Bret_Easton_Ellis,
12732,Grant_Morrison,
6608,Margret_Rey,
190922,Justina_Chen,
41313,Susan_Elizabeth_Phillips,
859143,William_Gibson,
3116926,Lene_Kaaberb_l,
21072,Peter_M_Senge,
36065,Richard_J_Foster,
3073,John_Buchan,
18741,Max_Barry,
4724550,Jay_McLean,
4087929,Betty_Crocker,
6540645,Michelle_A_Valentine,
36346,Jennifer_Donnelly,
7116,Cecelia_Ahern,
580315,Jennifer_Estep,
45645,Sherwood_Anderson,
5784345,Nyrae_Dawn,
4027380,Joelle_Charbonneau,
79303,Camron_Wright,
4540172,Jennifer_Close,
5421050,K_A_Linde,Kate_not_actually_kate_A_Linde
8933,Alan_Lightman,
18464973,M_T_Edvardsson,Michael_not_actually_michael_T_Edvardsson
49612,Ariana_Franklin,
14424,Adam_Smith,
57651,John_Stuart_Mill,
26638,Claire_LaZebnik,
13554,Carolyn_Brown,
7032108,Alexis_Hall,
6551005,Emma_Chase,
9020,Herman_Wouk,
8427407,James_Islington,
84994,Cristina_Henriquez,
24820,Ron_Rash,
41016,Martha_Stout,
41193,Sara_Donati,
42017,Barbara_Shook_Hazen,
15183346,Louise_Jensen,
563202,Marybeth_Mayhew_Whalen,
2882485,Cherise_Sinclair,
93094,John_Layman,
53519,Thomas_Malory,
4833990,Jillian_Dodd,
847789,Timothy_J_Keller,
7122060,Harper_Sloan,
16328,John_M_Barry,
800588,Ravinder_Singh,
5951,Jeff_Smith,
7033774,Kimberly_Lauren,
5230303,A_J_Pearce,Anne_not_actually_anne_J_Pearce
93345,Diane_Chamberlain,
6820562,Kimberly_Rae_Miller,
1452,John_Perkins,
94091,Kate_Brian,
5088,Brad_Thor,
4417749,Megan_Miranda,
105839,Marie_Brennan,
87184,Laura_Joffe_Numeroff,
39846,Elif_Batuman,
11075,Susan_Vreeland,
1429808,MaryJanice_Davidson,
1441,Ted_Dekker,
871358,_,
7307477,Laline_Paull,
4750,_mile_Zola,
7176787,Jodi_Taylor,
64028,Sarah_Weeks,
22542,Megan_Whalen_Turner,
6949698,Katherine_Addison,
3770,Jack_Welch,
3469,Bev_Vincent,
126447,Catherine_Ryan_Hyde,
3393536,Rob_Buyea,
548551,Anna_Godbersen,
6519108,Emily_Snow,
994873,Sloane_Crosley,
257934,Rachel_Hauck,
22370,Jill_Shalvis,
86404,E_M_Forster,Edward_M_Forster
29963,W_B_Yeats,William_B_Yeats
40398,Arturo_P_rez_Reverte,
202867,Rhys_Bowen,
8516,Piers_Anthony,
85545,Kristen_Britain,
753097,Robin_Benway,
18930,Anya_Seton,
13847,Charles_Baudelaire,
8316649,Zoe_Sugg,
5086768,Bill_Martin_Jr_,
80212,C_J_Sansom,Christopher_J_Sansom
706255,Stieg_Larsson,
769979,_sne_Seierstad,
233619,Marcel_Proust,
52601,N_H_Kleinbaum,Nancy_H_Kleinbaum
1730,Umberto_Eco,
15445,Carl_Bernstein,
10039,John_Fowles,
64654,Sheila_Burnford,
22580,Julie_Orringer,
7789423,Alice_Oseman,
19629033,Douglas_Stuart,
4448408,Walter_Tevis,
15253645,Elizabeth_Acevedo,
3367145,Chris_Guillebeau,
449547,H_G_Bissinger,Harry_G_Bissinger
96150,Daniel_H_Pink,
6429,Curtis_Sittenfeld,
4826501,Tammara_Webber,
341493,Craig_Silvey,
7894,Nella_Larsen,
61565,Hester_Browne,
5662,Ruth_Reichl,
1304838,Bill_Konigsberg,
13414088,S_Jae_Jones,Sarah_not_actually_sarah_Jae_Jones
886869,Brunonia_Barry,
136635,Giorgio_Vasari,
24349,Betty_Mahmoody,
337,Walker_Percy,
97783,Mary_Beard,
5052587,Kate_Alcott,
12144,James_M_McPherson,
56064,Marlon_James,
132132,Enid_Bagnold,
8407795,Giuseppe_Tomasi_di_Lampedusa,
32498,Iris_Johansen,
1192311,Claudia_Gray,
5687,Irvine_Welsh,
7142445,Peter_Swanson,
16918766,Dervla_McTiernan,
877884,David_Fishelson,
39467,Eric_Van_Lustbader,
4339,David_Foster_Wallace,
61714,James_L_Swanson,
6436698,Molly_McAdams,
8649,Juliet_Marillier,
6581077,Rysa_Walker,
3024821,Anne_Fortier,
25864,John_Fante,
330382,Kim_Carpenter,
9097,Legs_McNeil,
7659,Paul_Bowles,
8199366,D_M_Pulley,Diane_not_actually_diane_M_Pulley
3408349,Lili_St_Crow,
3406550,Josephine_Angelini,
15959,Boris_Vian,
16117866,Christine_Mangan,
1077176,Katherine_Allred,
6492,Francine_Rivers,
4074051,Rae_Carson,
9237,Jacqueline_Carey,
14655,Jeff_Shaara,
788461,Dan_Ariely,
4838933,Samantha_Towle,
37557,Richard_Kadrey,
509,Brian_Greene,
10657,Enid_Blyton,
54521,Hampton_Sides,
8534434,Sylvain_Neuvel,
7172,Katherine_Neville,
9640,Karen_Cushman,
3495853,Sarah_Ban_Breathnach,
12584,E_L_Doctorow,Edgar_L_Doctorow
4049,Janette_Oke,
62707,Shunryu_Suzuki,
12505,Scott_Smith,
7273667,Nadia_Hashimi,
7025045,Bill_Dedman,
5050575,Laura_Schroff,
3522,Mary_McGarry_Morris,
374590,Chris_Cleave,
8330589,Miyamoto_Musashi,
114558,Rory_Freedman,
7103,Steve_Martin,
1203,Andy_Warhol,
3095893,Stephanie_Perkins,
2884780,Malinda_Lo,
7869,Louis_Ferdinand_C_line,
794012,Philipp_Meyer,
35476,Jack_Canfield,
732829,Yuu_Watase,
5353,Barbara_Taylor_Bradford,
7022063,Elizabeth_Smart,
155990,Kanoko_Sakurakouji,
17088554,Talia_Hibbert,
293603,Heather_Brewer,
25423,John_Piper,
486136,J_Courtney_Sullivan,Julie_Courtney_Sullivan
16961,Linda_Howard,
7074846,Tillie_Cole,
3521,Bret_Lott,
10022,Armistead_Maupin,
7190965,Meredith_Wild,
89439,Sophie_Jordan,
939363,Caitlin_Moran,
4562483,Sylvain_Reynard,
2007,Daniel_Defoe,
776,Michael_Lewis,
6953956,Erika_Johansen,
6125,Fannie_Flagg,
206062,Steve_Harvey,
18100,Nobuhiro_Watsuki,
81466,A_A_Milne,Alan_A_Milne
12712,Rob_Thomas,
4051426,Madeleine_Roux,
117369,Naoko_Takeuchi,
68,John_C_Maxwell,
112477,Marcia_Brown,
2713,E_L_Konigsburg,Elaine_L_Konigsburg
10652,Marguerite_Henry,
4586597,R_L_Mathewson,Rachel_not_actually_rachel_L_Mathewson
7215619,Aurora_Rose_Reynolds,
9219,Adriana_Trigiani,
7778742,Kimberly_Belle,
4907787,Rebecca_Donovan,
6860574,Gail_McHugh,
6153502,Marina_Keegan,
47640,Nancy_Garden,
17315911,Claire_Morgan,
1973,Tracy_Chevalier,
16019981,Ahmed_Khaled_Towfik,
13288,Hannah_Hurnard,
6218,Sandra_Brown,
60390,Susan_Meissner,
480401,Sarah_Perry,
140320,Barbara_Robinson,
5267328,Mark_Edwards,
2637,Karen_Armstrong,
1539,Dan_Millman,
3505,Wally_Lamb,
3041100,Andrea_Cremer,
3090,Helen_Fielding,
14013,David_Cote,
5918,Elizabeth_Kostova,
5255014,J_M_Barrie,James_M_Barrie
4699102,Unknown,
142270,Lev_Grossman,
1954,Natalie_Babbitt,
1831,Jonathan_Swift,
28709,Chuck_Dixon,
5042201,John_Tiffany,
3346050,Donna_Foley_Mabry,
48966,Blanche_Fisher_Wright,
131683,Edward_Eager,
5131072,Aleatha_Romig,
42775,Y_ko_Ogawa,Yoko_Ogawa
9152,Donald_J_Sobol,
10122,Thomas_Hobbes,
8431087,S_K_Tremayne,Sean_K_Tremayne
6098,Nicholas_Evans,
2848,Amy_Sedaris,
8088,Carlos_Castaneda,
6535659,Cora_Carmack,
3400721,Pierre_Boulle,
588,Neil_Strauss,
26293,Ross_King,
1265,Jane_Austen,
33773,Daniel_H_Wilson,
4930653,Raine_Miller,
9445,Bob_McCabe,
2188726,Sarah_Ockler,
2613,Jaci_Burton,
9204,Philip_Yancey,
61707,Linda_Sue_Park,
375626,Lara_Adrian,
21686,Nigella_Lawson,
2766469,Rachel_Ren_e_Russell,
48890,Robert_Hughes,
193,Kevin_Henkes,
7963,P_G_Wodehouse,Pelham_G_Wodehouse
148847,Daisy_Goodwin,
4029839,Ronald_H_Balson,
197,Tom_Robbins,
15197877,Amy_Gentry,
7151973,Pepper_Winters,
5228869,Georgia_Cates,
167605,Guillermo_del_Toro,
5129,Daniel_Clowes,
46204,Arlene_Mosel,
147,Henry_Miller,
40311,Piers_Paul_Read,
3163298,Chevy_Stevens,
438483,Rob_Lowe,
6941,Peter_Straub,
34660,Richard_Atwater,
3526,Jane_Hamilton,
306401,M_C_Escher,Maurits_C_Escher
5434809,Kirsty_Moseley,
11729,Victoria_Finlay,
163577,Deborah_Howe,
11095,Audrey_Penn,
16266,Kent_Haruf,
1983563,Emma_Straub,
9322,Edward_Albee,
56224,Ally_Carter,
3515,Ann_Marie_MacDonald,
6924387,Balli_Kaur_Jaswal,
29527,Charlotte_Perkins_Gilman,
3061,M_Scott_Peck,Morgan_Scott_Peck
89552,Munro_Leaf,
7902,Boris_Pasternak,
7565,William_Styron,
14635,Robert_McCloskey,
3670,Jhumpa_Lahiri,
1742,Jack_Kerouac,
8725,Tomie_dePaola,
8993,O_Henry,William_Henry
17932981,Ronald_Holt,
659,Thomas_J_Stanley,
39054,Don_Piper,
2693,Richard_Carlson,
19005,Jennifer_Crusie,
6576110,Jodi_Ellen_Malpas,
695300,Nina_George,
3032451,Siddhartha_Mukherjee,
75091,Fred_Gipson,
120341,Esphyr_Slobodkina,
38301,Flora_Rheta_Schreiber,
17595,Adam_Mansbach,
58851,Hilary_Mantel,
9002,Peggy_Parish,
19992417,Chimamanda_Ngozi_Adichie,
13139,Rachel_Cohn,
12833,Irving_Stone,
10330,Daniel_Quinn,
1443712,Carrie_Ryan,
13370,Emily_Giffin,
7440,Emily_Dickinson,
6637,Diane_Ackerman,
138825,Tana_French,
7578129,Rachel_Hollis,
2728589,Chris_Kyle,
33907,Scott_McCloud,
32168,Catherine_Hardwicke,
639,Lee_Strobel,
210456,Timothy_Ferriss,
12793,Charles_Darwin,
2622245,Lao_Tzu,
16121977,Tara_Westover,
5571,Lynne_Truss,
17575761,John_Carreyrou,
9996,Richard_Preston,
96426,Solomon_Northup,
5283261,Robin_DiAngelo,
18943,Frederick_Douglass,
40882,Robert_K_Massie,
17598726,Matthew_Walker,
14144506,Sarah_Andersen,
5882,Stephen_E_Ambrose,
16759765,Thomas_L_Friedman,
4992939,Katherine_Boo,
17099759,Glennon_Doyle,
4842866,Jaycee_Dugard,
160932,Robert_B_Cialdini,
5877493,Lena_Dunham,
13599,Kate_Egan,
2330,Tim_O_Brien,
761595,Ashlee_Vance,
399,Napoleon_Hill,
600,Robert_T_Kiyosaki,
278960,Eric_Ries,
8546,Julie_Powell,
4396806,Bryan_Stevenson,
1899,Howard_Zinn,
6356,Barack_Obama,
42010,Betty_Edwards,
16819959,Michelle_McNamara,
2338628,Michelle_Obama,
29655,Rhonda_Byrne,
8644,Sylvia_Nasar,
4493,Eckhart_Tolle,
8529755,Mark_Manson,
3446736,Todd_Burpo,
238,Joan_Didion,
3319233,Phil_Knight,
4829,Donald_Miller,
40648,Ellen_DeGeneres,
11728,James_McBride,
15149526,Trevor_Noah,
69641,Jen_Sincero,
1431785,David_Grann,
17160706,Adam_Kay,
28811,Banksy,
12855,Neil_deGrasse_Tyson,
29919,John_Berger,
282885,Jordan_B_Peterson,
13360,William_L_Shirer,
60619,Jason_Fried,
5741,Stacy_Schiff,
3089156,Randall_Munroe,
9950,Ron_Chernow,
4402,Miguel_Ruiz,
2826,James_C_Collins,
3406353,Justin_Halpern,
27397,Benjamin_Hoff,
4112157,Kenneth_H_Blanchard,
13672918,Amy_Schumer,
2985039,Austin_Kleon,
28828,Vincent_Bugliosi,
8474721,Peter_Thiel,
201386,Lori_Gottlieb,
24678,Robin_S_Sharma,
6456394,Phaidon_Press,
1938,Friedrich_Nietzsche,
162578,Bren_Brown,
3158574,Simon_Sinek,
1058,David_Allen,
1362751,Francis_Chan,
9802136,Aziz_Ansari,
7327369,James_Clear,
1237,Jung_Chang,
155517,Italo_Calvino,
10465,Kate_Jacobs,
5339,Robin_McKinley,
13608,Phyllis_Reynolds_Naylor,
67939,Janette_Sebring_Lowrey,
10673,Eleanor_H_Porter,
24556,Sara_Gruen,
34583,Vincent_van_Gogh,
29182,Patricia_MacLachlan,
4372391,S_C_Stephens,Sarah_not_actually_sarah_C_Stephens
626222,Anita_Diamant,
155176,Wassily_Kandinsky,
16892,Michael_Shaara,
670859,Edmond_Rostand,
1240,Jack_London,
2313,Louis_de_Berni_res,
2345,Nicholas_Sparks,
70993,Michael_Bond,
43298,Yevgeny_Zamyatin,
10991,Stanis_aw_Lem,
2783820,Oliver_P_tzsch,
49625,Jennifer_Egan,
5684,Alex_Garland,
7995,James_A_Michener,
8183303,Gilly_Macmillan,
5807106,Iain_M_Banks,
5193034,Tracey_Garvis_Graves,
556546,Jane_Harper,
65483,Richard_H_Thaler,
22493,Ir_ne_N_mirovsky,
1116816,Dave_Cullen,
7577278,Adam_Silvera,
941508,Barbara_O_Neal,
144405,Bisco_Hatori,
11047,Masashi_Kishimoto,
6464799,Jessica_Knoll,
16360992,Liv_Constantine,
7982,Anne_Fadiman,
13929,Adrian_Nicole_LeBlanc,
1251403,Dan_Santat,
48593,Mary_Mapes_Dodge,
691,Trevanian,
37836,Armstrong_Sperry,
13901,Richard_Scarry,
7336499,Amber_L_Johnson,
1129509,Sofi_Oksanen,
8108373,Mya_Robarts,
3152466,Kim_Th_y,
6897717,Aaron_Becker,
17326,Erskine_Caldwell,
30762,George_Grossmith,
51229,John_Williams,
1642,Will_Eisner,
40651,Steve_Coll,
13084,Roland_Barthes,
25,Patricia_A_McKillip,
6810,Wilson_Rawls,
21674,Amy_Krouse_Rosenthal,
7929831,Apuleius,
16203,Rory_Stewart,
10518,Elizabeth_Moon,
73337,Norman_Bridwell,
29101,David_Graeber,
29611,James_Agee,
53088,Patrick_McDonnell,
39326,Heinrich_B_ll,
15543,Alan_Hollinghurst,
2870641,Alex_Ross,
1186320,Amanda_Ripley,
5589950,Boethius,
483588,Mariko_Tamaki,
39021,Chip_Heath,
3533,Ernest_J_Gaines,
43698,Colin_Dexter,
17285,Jane_Jacobs,
30845,Thomas_Frank,
11121,Jerzy_Kosi_ski,
14920,John_Rocco,
1886,Douglas_Coupland,
44694,Harry_Mulisch,
4025591,Saladin_Ahmed,
4448625,Stephen_Kelman,
86883,Jeanne_Wakatsuki_Houston,
1956402,Daniel_Suarez,
35245,Carmen_Laforet,
7184104,Jaymin_Eve,
116504,Laura_Amy_Schlitz,
6781,Julie_Andrews_Edwards,
5231,Judith_Butler,
427613,Melissa_Sweet,
1487748,Courtney_Summers,
171132,Peter_J_Tomasi,
273399,Kate_Constable,
73432,Donald_Hall,
21150668,Joseph_Fink,
8105,Kate_Douglas_Wiggin,
6468,Denis_Johnson,
3520,Sheri_Reynolds,
2357,Kerrelyn_Sparks,
4805272,Laura_Kaye,
2881050,Ai_Yazawa,
6441917,Leslye_Walton,
26897,Anne_Bishop,
269069,Michelle_Moran,
29333,Dietrich_Bonhoeffer,
46097,Richard_Paul_Evans,
5599,Dorothy_Allison,
410418,Susane_Colasanti,
2950702,Cathy_Marie_Buchanan,
7445352,Kim_Holden,
10020,Lorna_Landvik,
386042,Heather_Dixon_Wallwork,
5768611,Amy_Tintera,
607284,Jeffery_Hudson,
27372,Kazu_Kibuishi,
27405,Brennan_Manning,
350,Patricia_Schultz,
3927056,Helen_Gardner,
878601,Gabrielle_Hamilton,
2646,Rachael_Ray,
95600,Mary_O_Hara,
19316,Peter_Mayle,
53574,Elizabeth_Chandler,
117775,William_H_Armstrong,
21025,Henry_T_Blackaby,
3095919,Kody_Keplinger,
14929824,Hannah_Green,
4575371,Katie_McGarry,
4562105,Susan_Jeffers,
6589173,Kitty_French,
4921525,Denise_Grover_Swank,
99650,Wendy_Mass,
215502,Leigh_Nichols,
6343,Milan_Kundera,
61788,Marc_Levy,
1201952,_,
363405,Elizabeth_Scott,
72120,Arthur_Ransome,
13975392,Sharon_Guskin,
164187,Jennifer_Lynn_Barnes,
375,Chuck_Klosterman,
6452845,Alessandra_Torre,
8178,Carl_Hiaasen,
1109606,_,
86085,Blue_Balliett,
6544265,Natasha_Anders,
3172535,Tom_Angleberger,
51535,Edward_Bloor,
15455603,Margaret_Rogerson,
7579036,Becky_Albertalli,
6947727,Sara_Raasch,
6922565,Suzanne_Redfearn,
7032112,Robert_Kolker,
17323560,Julie_Clark,
74538,Louise_L_Hay,
49,Johanna_Spyri,
64280,Ludwig_Bemelmans,
104728,William_Peter_Blatty,
2894,Bernhard_Schlink,
5132,Kate_Chopin,
393731,Cynthia_D_Aprix_Sweeney,
3080,Judith_Viorst,
3496,John_Knowles,
1838,Geoffrey_Chaucer,
957894,Albert_Camus,
1612,Jeffery_Deaver,
1433597,Samuel_Beckett,
810254,Aravind_Adiga,
1873,David_Guterson,
13661,Victor_Hugo,
18907,Gregory_David_Roberts,
45922,Lionel_Shriver,
10074,Ellen_Raskin,
66216,Robert_M_Edsel,
18163138,Julia_Phillips,
875661,Rumi,
157779,Wallace_Stegner,
40820,Timothy_Egan,
110255,Marjorie_Flack,
168076,Kamila_Shamsie,
26874,William_Steig,
6561846,Drew_Daywalt,
1288026,Pierre_Choderlos_de_Laclos,
569,Khaled_Hosseini,
36332,John_Wyndham,
48465,Keith_Ferrazzi,
901,Herodotus,
26011,Raymond_Khoury,
7113,Anne_Lamott,
262086,Lauren_Barnholdt,
425914,Shauna_Niequist,
4369397,Harriet_Ann_Jacobs,
5817,Rodman_Philbrick,
140329,Thomas_Rockwell,
237097,Eugene_Bradley_Coco,
3309113,Alexander_Osterwalder,
5725556,Lin_Manuel_Miranda,
28345,Vikram_Seth,
28707,Sue_Townsend,
4464,Julie_Otsuka,
18317,Knut_Hamsun,
12479,Timothy_Zahn,
13093,Muriel_Spark,
7012565,Lang_Leav,
1792350,Anna_Carey,
228089,Honor_de_Balzac,
328012,Mitchell_Zuckoff,
127875,Thrity_Umrigar,
7314532,Sally_Green,
792,Giada_De_Laurentiis,
113936,Meg_Wolitzer,
44061,Thornton_Wilder,
24818,Frank_Beddor,
26181,Peggy_Rathmann,
90864,Richard_Connell,
1145220,J_I_Packer,James_I_Packer
4062698,Olivia_Cunning,
7728,Doris_Lessing,
32504,Dorothy_Kunhardt,
104027,Joseph_Kesselring,
32401,Alison_Croggon,
15890,Trudi_Canavan,
296961,Paul_Auster,
5790,Niall_Ferguson,
6603,Trina_Schart_Hyman,
7816,Fernando_Pessoa,
3118934,Jon_Klassen,
1186184,Paul_Tough,
119755,Michelle_Paver,
5767141,Cristin_Terrill,
4902018,Philip_C_Stead,
32804,Leo_Lionni,
14469474,Amanda_Bouchet,
18078,Ina_May_Gaskin,
5107618,Charles_M_Sheldon,
13607545,Sadegh_Hedayat,
48067,Kerry_Greenwood,
6422281,Tara_Sivec,
34850,Diana_L_Paxson,
1853305,Mary_Wollstonecraft,
70868,Jerry_Pinkney,
22393,Naomi_Wolf,
45896,Mary_Elizabeth_Braddon,
4771489,S_ndor_M_rai,Saandor_Marai
2906892,Courtney_Milan,
4731222,Ilya_Ilf,
16061597,Natsume_S_seki,
3297510,Lacey_Weatherford,
128447,Thomas_Tryon,
1209,Ford_Madox_Ford,
9833,Iain_Pears,
104017,David_Small,
24655,Sharon_Kay_Penman,
465,Alexis_de_Tocqueville,
107170,Jo_Walton,
3093309,William_P_ne_du_Bois,
19928,Gary_Larson,
3151,Matt_Ridley,
58990,Carol_Tavris,
4953,Philippa_Pearce,
339632,Herv_Tullet,
1055,Larry_McMurtry,
151324,Joe_McGinniss,
5051196,Wanda_G_g,
762,Roger_Lowenstein,
191774,Deborah_Guarino,
420967,Pascal_Mercier,
60177,Guy_Gavriel_Kay,
3445,Myla_Goldberg,
216539,Frank_De_Felitta,
1245772,Herman_Koch,
1435,Graeme_Base,
23613,Emma_Donoghue,
143691,Ilsa_J_Bick,
4445700,Mike_Mullin,
88922,Kenneth_Oppel,
36812,Claire_Huchet_Bishop,
6872165,J_C_Reed,Jessica_not_actually_jessica_C_Reed
33952,Rachel_Gibson,
7285,Ken_Kesey,
3619,Roger_Zelazny,
5815562,Susan_Abulhawa,
38391,James_Surowiecki,
188760,Tetsuko_Kuroyanagi,
55547,Jack_Campbell,
16272,Michel_Faber,
11271,Monica_Ali,
10209,Belva_Plain,
11761,Diane_Duane,
4692856,Kristen_Simmons,
3456441,Julie_Maroh,
32131,Steven_Levy,
5737121,Kurtis_J_Wiebe,
14079,Jay_McInerney,
3277,Dava_Sobel,
46158,Marjorie_Kinnan_Rawlings,
32594,Jeph_Loeb,
41814,Marina_Lewycka,
9685,Chris_Van_Allsburg,
191976,Barbara_Cooney,
4399,Eileen_Christelow,
16461,David_Wiesner,
3220024,Courtney_Allison_Moulton,
6553058,L_A_Fiore,Liz_A_Fiore
227026,Hans_Fallada,
500,Jorge_Luis_Borges,
1169791,Elissa_Wall,
1980985,Lauren_Conrad,
51162,Lolly_Winston,
22506,Rachel_Simon,
5244478,Robert_R_McCammon,
18084149,Ben_Mikaelsen,
1977411,Avery_Monsen,
182823,Dominic_Smith,
18,Gary_Paulsen,
18313,Jim_Starlin,
23897,Harold_G_Moore,
5238854,Teri_Terry,
11091,Lincoln_Child,
2883386,David_Eagleman,
48969,Vera_B_Williams,
165519,Dee_Henderson,
1136158,Larry_Correia,
25189,Natalie_Goldberg,
18206,Thor_Heyerdahl,
12350,Sherwood_Smith,
3948574,Anna_Wiener,
4573275,A_C_Gaughen,Anne_not_actually_anne_C_Gaughen
12075,Joan_Aiken,
86265,Jean_Ferris,
6577,Gene_Zion,
4107314,Kazue_Kato,
4788791,Jean_de_Brunhoff,
16070,Alexander_Pushkin,
4370,Elizabeth_Wurtzel,
11155,Christopher_Marlowe,
5752359,Chelsea_M_Cameron,
342135,Katherine_Howe,
973,Euripides,
432859,Jennifer_Brown,
6878,John_Updike,
133995,Laura_Moriarty,
5363,Mark_Waid,
5856,Tucker_Max,
66622,Alexandra_Ripley,
134408,Peter_Heller,
81619,Daniel_J_Levitin,
7046622,Eben_Alexander,
1782206,Krishna_Dwaipayana_Vyasa,
20730,Don_Freeman,
12146,Kathryn_Hughes,
7176,Daniel_Handler,
5295120,Morgan_Rhodes,
69521,Stephen_Kendrick,
50568,Robyn_Schneider,
12948,Rumiko_Takahashi,
19753,Og_Mandino,
49229,David_Ebershoff,
527872,Jennifer_Worth,
53350,Howard_Pyle,
11593,Beatrix_Potter,
1847,Mark_Kurlansky,
44565,Candice_Millard,
3736,Robert_Penn_Warren,
29184,Nancy_E_Turner,
44605,Donna_Woolfolk_Cross,
1448,Karen_Joy_Fowler,
1588088,Maria_Semple,
14196420,Imbolo_Mbue,
13705,George_Selden,
15376492,Nathan_Hill,
22665,Diane_Setterfield,
6583,Alison_Weir,
15328,John_Hersey,
1339,Jane_Smiley,
16549,Elizabeth_Peters,
5830526,Samantha_Shannon,
8258,Martin_Cruz_Smith,
3012988,Robert_Graves,
3093075,Edwin_A_Abbott,
1127,Ovid,
10917,Stephen_Fry,
16002992,S_A_Chakraborty,Shannon_A_Chakraborty
945430,Kelly_Barnhill,
13499819,Katharine_McGee,
117786,Lily_King,
4425884,Rumaan_Alam,
4175512,Amal_El_Mohtar,
295178,Gayle_Forman,
39272,Jenny_Colgan,
486812,Susanna_Kearsley,
5254219,Claire_McGowan,
